{"max": [1.14048, 1.26108, 9.30914], "centroid": [-5.524794312157739, 0.07108678071428598, 2.6438666456249984], "id": "fa723633a3cfed271e74a5e93d408a1a", "numVertices": 672, "min": [-12.1901, -16.5846, -4.02141]}
