{"max": [0.0, 0.210007, 0.28956], "centroid": [-0.27416193578904335, 0.13471912379394954, 0.14477482737530645], "id": "1acfdd86f8d48bb19750530d0552b23", "numVertices": 1223, "min": [-0.57912, 0.0, 0.0]}
