{"max": [0.0, 0.1524, 0.03175], "centroid": [-0.0064022004255319155, -0.06602533617021279, 0.012767552489361692], "id": "1a1a5facf2b73e534e23e9314af9ae57", "numVertices": 94, "min": [-0.0127, -0.1016, -0.0381]}
