{"max": [0.006096, 0.474619, 0.0492548], "centroid": [-0.014320639721542213, 0.19034437219113431, -0.024377723281658256], "id": "1e198106fd8339674e5a4dd299df24", "numVertices": 2323, "min": [-0.034747, 0.0, -0.0782171]}
