{"max": [0.4, 0.0971555, 0.0], "centroid": [0.19999810817444216, 0.047679468995943296, -0.2001812441987829], "id": "2ec52ad731536d294b3c42e318f3affc", "numVertices": 986, "min": [0.0, 0.0, -0.4]}
