{"max": [0.840893, 0.500176, 0.506756], "centroid": [-0.0975776296464822, 0.2694817977507529, 0.09824333803955153], "id": "1a74ca07a11f507554d7082b34825ef0", "numVertices": 2857, "min": [-0.836917, -0.0368098, -0.309001]}
